{
  "transition_counts": {
    "breath_control": {
      "breath_control": 0,
      "mind_wandering": 4,
      "meta_awareness": 0,
      "redirect_breath": 0
    },
    "mind_wandering": {
      "breath_control": 0,
      "mind_wandering": 0,
      "meta_awareness": 4,
      "redirect_breath": 0
    },
    "meta_awareness": {
      "breath_control": 0,
      "mind_wandering": 0,
      "meta_awareness": 0,
      "redirect_breath": 4
    },
    "redirect_breath": {
      "breath_control": 3,
      "mind_wandering": 1,
      "meta_awareness": 0,
      "redirect_breath": 0
    }
  },
  "transition_thresholds": {
    "mind_wandering": 0.25,
    "meta_awareness": 0.3,
    "return_focus": 0.3
  },
  "natural_transitions": 4,
  "forced_transitions": 12,
  "transition_timestamps": [
    56,
    101,
    134,
    178
  ],
  "distraction_buildup_rates": [
    0.0,
    0.007291666666666667,
    0.014583333333333334,
    0.021875000000000002,
    0.029166666666666667,
    0.036458333333333336,
    0.043750000000000004,
    0.05104166666666667,
    0.058333333333333334,
    0.065625,
    0.07291666666666667,
    0.08020833333333333,
    0.08750000000000001,
    0.0,
    0.00875,
    0.0175,
    0.026250000000000002,
    0.0,
    0.00875,
    0.0175,
    0.026250000000000002,
    0.035,
    0.043750000000000004,
    0.052500000000000005,
    0.06125,
    0.07,
    0.07875000000000001,
    0.08750000000000001,
    0.0,
    0.00875,
    0.0175,
    0.0,
    0.006730769230769231,
    0.013461538461538462,
    0.020192307692307697,
    0.026923076923076925,
    0.03365384615384616,
    0.040384615384615394,
    0.047115384615384615,
    0.05384615384615385,
    0.060576923076923084,
    0.06730769230769232,
    0.07403846153846154,
    0.08076923076923079,
    0.08750000000000001,
    0.0,
    0.00875,
    0.0175,
    0.026250000000000002,
    0.0,
    0.00875,
    0.0175,
    0.0,
    0.007291666666666667,
    0.014583333333333334,
    0.021875000000000002,
    0.029166666666666667,
    0.036458333333333336,
    0.043750000000000004,
    0.05104166666666667,
    0.058333333333333334,
    0.065625,
    0.07291666666666667,
    0.08020833333333333,
    0.08750000000000001
  ],
  "average_activations_at_transition": {
    "breath_control": [
      0.5773671833817304,
      0.20353096809556984,
      0.17583070626867292,
      0.14718723839815542,
      0.33604418581025836
    ],
    "mind_wandering": [
      0.06441063081817339,
      0.6184138332077571,
      0.42136062178460565,
      0.08997185054933991,
      0.0802151685918528
    ],
    "meta_awareness": [
      0.1079697817472962,
      0.09426028455406615,
      0.10501629308326219,
      0.5398998192365523,
      0.12740751342807394
    ],
    "redirect_breath": [
      0.32531956514183913,
      0.1051633810978427,
      0.11752798514493512,
      0.08637814866714404,
      0.539459267692928
    ]
  }
}