{
  "transition_counts": {
    "breath_control": {
      "breath_control": 0,
      "mind_wandering": 7,
      "meta_awareness": 0,
      "redirect_breath": 0
    },
    "mind_wandering": {
      "breath_control": 0,
      "mind_wandering": 0,
      "meta_awareness": 7,
      "redirect_breath": 0
    },
    "meta_awareness": {
      "breath_control": 1,
      "mind_wandering": 0,
      "meta_awareness": 0,
      "redirect_breath": 6
    },
    "redirect_breath": {
      "breath_control": 6,
      "mind_wandering": 0,
      "meta_awareness": 0,
      "redirect_breath": 0
    }
  },
  "transition_thresholds": {
    "mind_wandering": 0.25,
    "meta_awareness": 0.3,
    "return_focus": 0.3
  },
  "natural_transitions": 3,
  "forced_transitions": 24,
  "transition_timestamps": [],
  "distraction_buildup_rates": [
    0.0,
    0.002625,
    0.00525,
    0.007875,
    0.0105,
    0.013125000000000001,
    0.01575,
    0.018375000000000002,
    0.021,
    0.023625000000000004,
    0.026250000000000002,
    0.028874999999999998,
    0.0315,
    0.034125,
    0.036750000000000005,
    0.039375,
    0.042,
    0.0,
    0.004200000000000001,
    0.0,
    0.0024705882352941176,
    0.004941176470588235,
    0.007411764705882354,
    0.00988235294117647,
    0.012352941176470589,
    0.014823529411764708,
    0.017294117647058824,
    0.01976470588235294,
    0.02223529411764706,
    0.024705882352941178,
    0.0271764705882353,
    0.029647058823529415,
    0.03211764705882353,
    0.03458823529411765,
    0.03705882352941176,
    0.03952941176470588,
    0.042,
    0.0,
    0.004200000000000001,
    0.0,
    0.002,
    0.004,
    0.006,
    0.008,
    0.01,
    0.012,
    0.014,
    0.016,
    0.018000000000000002,
    0.02,
    0.022000000000000002,
    0.024,
    0.026000000000000006,
    0.028,
    0.03,
    0.032,
    0.034,
    0.036000000000000004,
    0.038,
    0.04,
    0.042,
    0.0,
    0.004200000000000001,
    0.0,
    0.0021000000000000003,
    0.004200000000000001,
    0.0063,
    0.008400000000000001,
    0.0105,
    0.0126,
    0.0147,
    0.016800000000000002,
    0.018900000000000004,
    0.021,
    0.023100000000000002,
    0.0252,
    0.0273,
    0.0294,
    0.0315,
    0.033600000000000005,
    0.0357,
    0.03780000000000001,
    0.0399,
    0.042,
    0.0,
    0.004200000000000001,
    0.0,
    0.0024705882352941176,
    0.004941176470588235,
    0.007411764705882354,
    0.00988235294117647,
    0.012352941176470589,
    0.014823529411764708,
    0.017294117647058824,
    0.01976470588235294,
    0.02223529411764706,
    0.024705882352941178,
    0.0271764705882353,
    0.029647058823529415,
    0.03211764705882353,
    0.03458823529411765,
    0.03705882352941176,
    0.03952941176470588,
    0.042,
    0.0,
    0.004200000000000001,
    0.0,
    0.0024705882352941176,
    0.004941176470588235,
    0.007411764705882354,
    0.00988235294117647,
    0.012352941176470589,
    0.014823529411764708,
    0.017294117647058824,
    0.01976470588235294,
    0.02223529411764706,
    0.024705882352941178,
    0.0271764705882353,
    0.029647058823529415,
    0.03211764705882353,
    0.03458823529411765,
    0.03705882352941176,
    0.03952941176470588,
    0.042,
    0.0,
    0.004200000000000001
  ],
  "average_activations_at_transition": {
    "breath_control": [
      0.455806342081095,
      0.24253533748982956,
      0.2239760972092173,
      0.08083423590385415,
      0.33070216444584233
    ],
    "mind_wandering": [
      0.04285714285714286,
      0.5582098322944037,
      0.3504969909121581,
      0.12857142857142856,
      0.045129810730411106
    ],
    "meta_awareness": [
      0.17905026720052777,
      0.1516004156734089,
      0.11043661973362344,
      0.46776247136210486,
      0.11433960874020409
    ],
    "redirect_breath": [
      0.3279556212413377,
      0.12484274579508858,
      0.11459864458294655,
      0.1502445654611532,
      0.5465484855802543
    ]
  }
}